"stage","category","dataset","group_id","sample_id","new_filename","source_relative_path","size_bytes"
"Stage1","DenoisingTriptych","Duke17","duke17_1","duke17_1","Stage1_Duke17_duke17_1_duke17_1_Noisy-Clean-Denoised.png","presentation_archive_20260901_131730\stage1_denoising\Duke17\all_positions\duke17_1\duke17_1\noisy_clean_denoised_triptych.png","2823315"
"Stage1","DenoisingTriptych","Duke17","duke17_11","duke17_11","Stage1_Duke17_duke17_11_duke17_11_Noisy-Clean-Denoised.png","presentation_archive_20260901_131730\stage1_denoising\Duke17\all_positions\duke17_11\duke17_11\noisy_clean_denoised_triptych.png","3003149"
"Stage1","DenoisingTriptych","Duke17","duke17_12","duke17_12","Stage1_Duke17_duke17_12_duke17_12_Noisy-Clean-Denoised.png","presentation_archive_20260901_131730\stage1_denoising\Duke17\all_positions\duke17_12\duke17_12\noisy_clean_denoised_triptych.png","3044536"
"Stage1","DenoisingTriptych","Duke17","duke17_13","duke17_13","Stage1_Duke17_duke17_13_duke17_13_Noisy-Clean-Denoised.png","presentation_archive_20260901_131730\stage1_denoising\Duke17\all_positions\duke17_13\duke17_13\noisy_clean_denoised_triptych.png","2877187"
"Stage1","DenoisingTriptych","Duke17","duke17_14","duke17_14","Stage1_Duke17_duke17_14_duke17_14_Noisy-Clean-Denoised.png","presentation_archive_20260901_131730\stage1_denoising\Duke17\all_positions\duke17_14\duke17_14\noisy_clean_denoised_triptych.png","2964212"
"Stage1","DenoisingTriptych","Duke17","duke17_15","duke17_15","Stage1_Duke17_duke17_15_duke17_15_Noisy-Clean-Denoised.png","presentation_archive_20260901_131730\stage1_denoising\Duke17\all_positions\duke17_15\duke17_15\noisy_clean_denoised_triptych.png","2827556"
"Stage1","DenoisingTriptych","Duke17","duke17_16","duke17_16","Stage1_Duke17_duke17_16_duke17_16_Noisy-Clean-Denoised.png","presentation_archive_20260901_131730\stage1_denoising\Duke17\all_positions\duke17_16\duke17_16\noisy_clean_denoised_triptych.png","2827769"
"Stage1","DenoisingTriptych","Duke17","duke17_2_r","duke17_2_r","Stage1_Duke17_duke17_2_r_duke17_2_r_Noisy-Clean-Denoised.png","presentation_archive_20260901_131730\stage1_denoising\Duke17\all_positions\duke17_2_r\duke17_2_r\noisy_clean_denoised_triptych.png","2844333"
"Stage1","DenoisingTriptych","Duke17","duke17_3","duke17_3","Stage1_Duke17_duke17_3_duke17_3_Noisy-Clean-Denoised.png","presentation_archive_20260901_131730\stage1_denoising\Duke17\all_positions\duke17_3\duke17_3\noisy_clean_denoised_triptych.png","2692689"
"Stage1","DenoisingTriptych","Duke17","duke17_4","duke17_4","Stage1_Duke17_duke17_4_duke17_4_Noisy-Clean-Denoised.png","presentation_archive_20260901_131730\stage1_denoising\Duke17\all_positions\duke17_4\duke17_4\noisy_clean_denoised_triptych.png","3008040"
"Stage1","DenoisingTriptych","Duke17","duke17_5","duke17_5","Stage1_Duke17_duke17_5_duke17_5_Noisy-Clean-Denoised.png","presentation_archive_20260901_131730\stage1_denoising\Duke17\all_positions\duke17_5\duke17_5\noisy_clean_denoised_triptych.png","2907968"
"Stage1","DenoisingTriptych","Duke17","duke17_7","duke17_7","Stage1_Duke17_duke17_7_duke17_7_Noisy-Clean-Denoised.png","presentation_archive_20260901_131730\stage1_denoising\Duke17\all_positions\duke17_7\duke17_7\noisy_clean_denoised_triptych.png","2849410"
"Stage1","DenoisingTriptych","Duke17","duke17_8","duke17_8","Stage1_Duke17_duke17_8_duke17_8_Noisy-Clean-Denoised.png","presentation_archive_20260901_131730\stage1_denoising\Duke17\all_positions\duke17_8\duke17_8\noisy_clean_denoised_triptych.png","2584576"
"Stage1","DenoisingTriptych","Duke17","duke17_9","duke17_9","Stage1_Duke17_duke17_9_duke17_9_Noisy-Clean-Denoised.png","presentation_archive_20260901_131730\stage1_denoising\Duke17\all_positions\duke17_9\duke17_9\noisy_clean_denoised_triptych.png","2826932"
"Stage1","DenoisingTriptych","Duke28","duke28_ll1","duke28_ll1","Stage1_Duke28_duke28_ll1_duke28_ll1_Noisy-Clean-Denoised.png","presentation_archive_20260901_131730\stage1_denoising\Duke28\all_positions\duke28_ll1\duke28_ll1\noisy_clean_denoised_triptych.png","2272495"
"Stage1","DenoisingTriptych","Duke28","duke28_ll10","duke28_ll10","Stage1_Duke28_duke28_ll10_duke28_ll10_Noisy-Clean-Denoised.png","presentation_archive_20260901_131730\stage1_denoising\Duke28\all_positions\duke28_ll10\duke28_ll10\noisy_clean_denoised_triptych.png","2237074"
"Stage1","DenoisingTriptych","Duke28","duke28_ll2","duke28_ll2","Stage1_Duke28_duke28_ll2_duke28_ll2_Noisy-Clean-Denoised.png","presentation_archive_20260901_131730\stage1_denoising\Duke28\all_positions\duke28_ll2\duke28_ll2\noisy_clean_denoised_triptych.png","2268692"
"Stage1","DenoisingTriptych","Duke28","duke28_ll3","duke28_ll3","Stage1_Duke28_duke28_ll3_duke28_ll3_Noisy-Clean-Denoised.png","presentation_archive_20260901_131730\stage1_denoising\Duke28\all_positions\duke28_ll3\duke28_ll3\noisy_clean_denoised_triptych.png","2254774"
"Stage1","DenoisingTriptych","Duke28","duke28_ll4","duke28_ll4","Stage1_Duke28_duke28_ll4_duke28_ll4_Noisy-Clean-Denoised.png","presentation_archive_20260901_131730\stage1_denoising\Duke28\all_positions\duke28_ll4\duke28_ll4\noisy_clean_denoised_triptych.png","2248904"
"Stage1","DenoisingTriptych","Duke28","duke28_ll5","duke28_ll5","Stage1_Duke28_duke28_ll5_duke28_ll5_Noisy-Clean-Denoised.png","presentation_archive_20260901_131730\stage1_denoising\Duke28\all_positions\duke28_ll5\duke28_ll5\noisy_clean_denoised_triptych.png","2249617"
"Stage1","DenoisingTriptych","Duke28","duke28_ll6","duke28_ll6","Stage1_Duke28_duke28_ll6_duke28_ll6_Noisy-Clean-Denoised.png","presentation_archive_20260901_131730\stage1_denoising\Duke28\all_positions\duke28_ll6\duke28_ll6\noisy_clean_denoised_triptych.png","2280389"
"Stage1","DenoisingTriptych","Duke28","duke28_ll8","duke28_ll8","Stage1_Duke28_duke28_ll8_duke28_ll8_Noisy-Clean-Denoised.png","presentation_archive_20260901_131730\stage1_denoising\Duke28\all_positions\duke28_ll8\duke28_ll8\noisy_clean_denoised_triptych.png","2259711"
"Stage1","DenoisingTriptych","Duke28","duke28_ll9","duke28_ll9","Stage1_Duke28_duke28_ll9_duke28_ll9_Noisy-Clean-Denoised.png","presentation_archive_20260901_131730\stage1_denoising\Duke28\all_positions\duke28_ll9\duke28_ll9\noisy_clean_denoised_triptych.png","2248631"
"Stage1","DenoisingTriptych","Duke28","duke28_sl1","duke28_sl1","Stage1_Duke28_duke28_sl1_duke28_sl1_Noisy-Clean-Denoised.png","presentation_archive_20260901_131730\stage1_denoising\Duke28\all_positions\duke28_sl1\duke28_sl1\noisy_clean_denoised_triptych.png","2252549"
"Stage1","DenoisingTriptych","Duke28","duke28_sl10","duke28_sl10","Stage1_Duke28_duke28_sl10_duke28_sl10_Noisy-Clean-Denoised.png","presentation_archive_20260901_131730\stage1_denoising\Duke28\all_positions\duke28_sl10\duke28_sl10\noisy_clean_denoised_triptych.png","2193832"
"Stage1","DenoisingTriptych","Duke28","duke28_sl11","duke28_sl11","Stage1_Duke28_duke28_sl11_duke28_sl11_Noisy-Clean-Denoised.png","presentation_archive_20260901_131730\stage1_denoising\Duke28\all_positions\duke28_sl11\duke28_sl11\noisy_clean_denoised_triptych.png","2281364"
"Stage1","DenoisingTriptych","Duke28","duke28_sl12","duke28_sl12","Stage1_Duke28_duke28_sl12_duke28_sl12_Noisy-Clean-Denoised.png","presentation_archive_20260901_131730\stage1_denoising\Duke28\all_positions\duke28_sl12\duke28_sl12\noisy_clean_denoised_triptych.png","2246827"
"Stage1","DenoisingTriptych","Duke28","duke28_sl14","duke28_sl14","Stage1_Duke28_duke28_sl14_duke28_sl14_Noisy-Clean-Denoised.png","presentation_archive_20260901_131730\stage1_denoising\Duke28\all_positions\duke28_sl14\duke28_sl14\noisy_clean_denoised_triptych.png","2257507"
"Stage1","DenoisingTriptych","Duke28","duke28_sl15","duke28_sl15","Stage1_Duke28_duke28_sl15_duke28_sl15_Noisy-Clean-Denoised.png","presentation_archive_20260901_131730\stage1_denoising\Duke28\all_positions\duke28_sl15\duke28_sl15\noisy_clean_denoised_triptych.png","2247707"
"Stage1","DenoisingTriptych","Duke28","duke28_sl16","duke28_sl16","Stage1_Duke28_duke28_sl16_duke28_sl16_Noisy-Clean-Denoised.png","presentation_archive_20260901_131730\stage1_denoising\Duke28\all_positions\duke28_sl16\duke28_sl16\noisy_clean_denoised_triptych.png","2246436"
"Stage1","DenoisingTriptych","Duke28","duke28_sl17","duke28_sl17","Stage1_Duke28_duke28_sl17_duke28_sl17_Noisy-Clean-Denoised.png","presentation_archive_20260901_131730\stage1_denoising\Duke28\all_positions\duke28_sl17\duke28_sl17\noisy_clean_denoised_triptych.png","2241053"
"Stage1","DenoisingTriptych","Duke28","duke28_sl18","duke28_sl18","Stage1_Duke28_duke28_sl18_duke28_sl18_Noisy-Clean-Denoised.png","presentation_archive_20260901_131730\stage1_denoising\Duke28\all_positions\duke28_sl18\duke28_sl18\noisy_clean_denoised_triptych.png","2233184"
"Stage1","DenoisingTriptych","Duke28","duke28_sl2","duke28_sl2","Stage1_Duke28_duke28_sl2_duke28_sl2_Noisy-Clean-Denoised.png","presentation_archive_20260901_131730\stage1_denoising\Duke28\all_positions\duke28_sl2\duke28_sl2\noisy_clean_denoised_triptych.png","2252850"
"Stage1","DenoisingTriptych","Duke28","duke28_sl3","duke28_sl3","Stage1_Duke28_duke28_sl3_duke28_sl3_Noisy-Clean-Denoised.png","presentation_archive_20260901_131730\stage1_denoising\Duke28\all_positions\duke28_sl3\duke28_sl3\noisy_clean_denoised_triptych.png","2294754"
"Stage1","DenoisingTriptych","Duke28","duke28_sl4","duke28_sl4","Stage1_Duke28_duke28_sl4_duke28_sl4_Noisy-Clean-Denoised.png","presentation_archive_20260901_131730\stage1_denoising\Duke28\all_positions\duke28_sl4\duke28_sl4\noisy_clean_denoised_triptych.png","2263143"
"Stage1","DenoisingTriptych","Duke28","duke28_sl7","duke28_sl7","Stage1_Duke28_duke28_sl7_duke28_sl7_Noisy-Clean-Denoised.png","presentation_archive_20260901_131730\stage1_denoising\Duke28\all_positions\duke28_sl7\duke28_sl7\noisy_clean_denoised_triptych.png","2306088"
"Stage1","DenoisingTriptych","Duke28","duke28_sl8","duke28_sl8","Stage1_Duke28_duke28_sl8_duke28_sl8_Noisy-Clean-Denoised.png","presentation_archive_20260901_131730\stage1_denoising\Duke28\all_positions\duke28_sl8\duke28_sl8\noisy_clean_denoised_triptych.png","2265387"
"Stage1","DenoisingTriptych","Duke28","duke28_sl9","duke28_sl9","Stage1_Duke28_duke28_sl9_duke28_sl9_Noisy-Clean-Denoised.png","presentation_archive_20260901_131730\stage1_denoising\Duke28\all_positions\duke28_sl9\duke28_sl9\noisy_clean_denoised_triptych.png","2058193"
"Stage1","DenoisingTriptych","PKU37","pku_0001","pku_0001_f01","Stage1_PKU37_pku_0001_pku_0001_f01_Noisy-Clean-Denoised.png","presentation_archive_20260901_131730\stage1_denoising\PKU37\all_positions\pku_0001\pku_0001_f01\noisy_clean_denoised_triptych.png","2439749"
"Stage1","DenoisingTriptych","PKU37","pku_0001","pku_0001_f25","Stage1_PKU37_pku_0001_pku_0001_f25_Noisy-Clean-Denoised.png","presentation_archive_20260901_131730\stage1_denoising\PKU37\all_positions\pku_0001\pku_0001_f25\noisy_clean_denoised_triptych.png","2437790"
"Stage1","DenoisingTriptych","PKU37","pku_0001","pku_0001_f50","Stage1_PKU37_pku_0001_pku_0001_f50_Noisy-Clean-Denoised.png","presentation_archive_20260901_131730\stage1_denoising\PKU37\all_positions\pku_0001\pku_0001_f50\noisy_clean_denoised_triptych.png","2437219"
"Stage1","DenoisingTriptych","PKU37","pku_0002","pku_0002_f01","Stage1_PKU37_pku_0002_pku_0002_f01_Noisy-Clean-Denoised.png","presentation_archive_20260901_131730\stage1_denoising\PKU37\all_positions\pku_0002\pku_0002_f01\noisy_clean_denoised_triptych.png","2463758"
"Stage1","DenoisingTriptych","PKU37","pku_0002","pku_0002_f25","Stage1_PKU37_pku_0002_pku_0002_f25_Noisy-Clean-Denoised.png","presentation_archive_20260901_131730\stage1_denoising\PKU37\all_positions\pku_0002\pku_0002_f25\noisy_clean_denoised_triptych.png","2460290"
"Stage1","DenoisingTriptych","PKU37","pku_0002","pku_0002_f50","Stage1_PKU37_pku_0002_pku_0002_f50_Noisy-Clean-Denoised.png","presentation_archive_20260901_131730\stage1_denoising\PKU37\all_positions\pku_0002\pku_0002_f50\noisy_clean_denoised_triptych.png","2463003"
"Stage1","DenoisingTriptych","PKU37","pku_0003","pku_0003_f01","Stage1_PKU37_pku_0003_pku_0003_f01_Noisy-Clean-Denoised.png","presentation_archive_20260901_131730\stage1_denoising\PKU37\all_positions\pku_0003\pku_0003_f01\noisy_clean_denoised_triptych.png","2426849"
"Stage1","DenoisingTriptych","PKU37","pku_0003","pku_0003_f25","Stage1_PKU37_pku_0003_pku_0003_f25_Noisy-Clean-Denoised.png","presentation_archive_20260901_131730\stage1_denoising\PKU37\all_positions\pku_0003\pku_0003_f25\noisy_clean_denoised_triptych.png","2427575"
"Stage1","DenoisingTriptych","PKU37","pku_0003","pku_0003_f44","Stage1_PKU37_pku_0003_pku_0003_f44_Noisy-Clean-Denoised.png","presentation_archive_20260901_131730\stage1_denoising\PKU37\all_positions\pku_0003\pku_0003_f44\noisy_clean_denoised_triptych.png","2419143"
"Stage1","DenoisingTriptych","PKU37","pku_0004","pku_0004_f01","Stage1_PKU37_pku_0004_pku_0004_f01_Noisy-Clean-Denoised.png","presentation_archive_20260901_131730\stage1_denoising\PKU37\all_positions\pku_0004\pku_0004_f01\noisy_clean_denoised_triptych.png","2473289"
"Stage1","DenoisingTriptych","PKU37","pku_0004","pku_0004_f25","Stage1_PKU37_pku_0004_pku_0004_f25_Noisy-Clean-Denoised.png","presentation_archive_20260901_131730\stage1_denoising\PKU37\all_positions\pku_0004\pku_0004_f25\noisy_clean_denoised_triptych.png","2473746"
"Stage1","DenoisingTriptych","PKU37","pku_0004","pku_0004_f50","Stage1_PKU37_pku_0004_pku_0004_f50_Noisy-Clean-Denoised.png","presentation_archive_20260901_131730\stage1_denoising\PKU37\all_positions\pku_0004\pku_0004_f50\noisy_clean_denoised_triptych.png","2474712"
"Stage1","DenoisingTriptych","PKU37","pku_0005","pku_0005_f01","Stage1_PKU37_pku_0005_pku_0005_f01_Noisy-Clean-Denoised.png","presentation_archive_20260901_131730\stage1_denoising\PKU37\all_positions\pku_0005\pku_0005_f01\noisy_clean_denoised_triptych.png","2519949"
"Stage1","DenoisingTriptych","PKU37","pku_0005","pku_0005_f25","Stage1_PKU37_pku_0005_pku_0005_f25_Noisy-Clean-Denoised.png","presentation_archive_20260901_131730\stage1_denoising\PKU37\all_positions\pku_0005\pku_0005_f25\noisy_clean_denoised_triptych.png","2520214"
"Stage1","DenoisingTriptych","PKU37","pku_0005","pku_0005_f50","Stage1_PKU37_pku_0005_pku_0005_f50_Noisy-Clean-Denoised.png","presentation_archive_20260901_131730\stage1_denoising\PKU37\all_positions\pku_0005\pku_0005_f50\noisy_clean_denoised_triptych.png","2519690"
"Stage1","DenoisingTriptych","PKU37","pku_0006","pku_0006_f01","Stage1_PKU37_pku_0006_pku_0006_f01_Noisy-Clean-Denoised.png","presentation_archive_20260901_131730\stage1_denoising\PKU37\all_positions\pku_0006\pku_0006_f01\noisy_clean_denoised_triptych.png","2247338"
"Stage1","DenoisingTriptych","PKU37","pku_0006","pku_0006_f25","Stage1_PKU37_pku_0006_pku_0006_f25_Noisy-Clean-Denoised.png","presentation_archive_20260901_131730\stage1_denoising\PKU37\all_positions\pku_0006\pku_0006_f25\noisy_clean_denoised_triptych.png","2242698"
"Stage1","DenoisingTriptych","PKU37","pku_0006","pku_0006_f50","Stage1_PKU37_pku_0006_pku_0006_f50_Noisy-Clean-Denoised.png","presentation_archive_20260901_131730\stage1_denoising\PKU37\all_positions\pku_0006\pku_0006_f50\noisy_clean_denoised_triptych.png","2239734"
"Stage1","DenoisingTriptych","PKU37","pku_0007","pku_0007_f01","Stage1_PKU37_pku_0007_pku_0007_f01_Noisy-Clean-Denoised.png","presentation_archive_20260901_131730\stage1_denoising\PKU37\all_positions\pku_0007\pku_0007_f01\noisy_clean_denoised_triptych.png","2293305"
"Stage1","DenoisingTriptych","PKU37","pku_0007","pku_0007_f25","Stage1_PKU37_pku_0007_pku_0007_f25_Noisy-Clean-Denoised.png","presentation_archive_20260901_131730\stage1_denoising\PKU37\all_positions\pku_0007\pku_0007_f25\noisy_clean_denoised_triptych.png","2286182"
"Stage1","DenoisingTriptych","PKU37","pku_0007","pku_0007_f34","Stage1_PKU37_pku_0007_pku_0007_f34_Noisy-Clean-Denoised.png","presentation_archive_20260901_131730\stage1_denoising\PKU37\all_positions\pku_0007\pku_0007_f34\noisy_clean_denoised_triptych.png","2288022"
"Stage1","DenoisingTriptych","PKU37","pku_0008","pku_0008_f01","Stage1_PKU37_pku_0008_pku_0008_f01_Noisy-Clean-Denoised.png","presentation_archive_20260901_131730\stage1_denoising\PKU37\all_positions\pku_0008\pku_0008_f01\noisy_clean_denoised_triptych.png","2288351"
"Stage1","DenoisingTriptych","PKU37","pku_0008","pku_0008_f25","Stage1_PKU37_pku_0008_pku_0008_f25_Noisy-Clean-Denoised.png","presentation_archive_20260901_131730\stage1_denoising\PKU37\all_positions\pku_0008\pku_0008_f25\noisy_clean_denoised_triptych.png","2281202"
"Stage1","DenoisingTriptych","PKU37","pku_0008","pku_0008_f50","Stage1_PKU37_pku_0008_pku_0008_f50_Noisy-Clean-Denoised.png","presentation_archive_20260901_131730\stage1_denoising\PKU37\all_positions\pku_0008\pku_0008_f50\noisy_clean_denoised_triptych.png","2288278"
"Stage1","DenoisingTriptych","PKU37","pku_0011","pku_0011_f01","Stage1_PKU37_pku_0011_pku_0011_f01_Noisy-Clean-Denoised.png","presentation_archive_20260901_131730\stage1_denoising\PKU37\all_positions\pku_0011\pku_0011_f01\noisy_clean_denoised_triptych.png","2247774"
"Stage1","DenoisingTriptych","PKU37","pku_0011","pku_0011_f25","Stage1_PKU37_pku_0011_pku_0011_f25_Noisy-Clean-Denoised.png","presentation_archive_20260901_131730\stage1_denoising\PKU37\all_positions\pku_0011\pku_0011_f25\noisy_clean_denoised_triptych.png","2242965"
"Stage1","DenoisingTriptych","PKU37","pku_0011","pku_0011_f50","Stage1_PKU37_pku_0011_pku_0011_f50_Noisy-Clean-Denoised.png","presentation_archive_20260901_131730\stage1_denoising\PKU37\all_positions\pku_0011\pku_0011_f50\noisy_clean_denoised_triptych.png","2241429"
"Stage1","DenoisingTriptych","PKU37","pku_0012","pku_0012_f01","Stage1_PKU37_pku_0012_pku_0012_f01_Noisy-Clean-Denoised.png","presentation_archive_20260901_131730\stage1_denoising\PKU37\all_positions\pku_0012\pku_0012_f01\noisy_clean_denoised_triptych.png","2283296"
"Stage1","DenoisingTriptych","PKU37","pku_0012","pku_0012_f25","Stage1_PKU37_pku_0012_pku_0012_f25_Noisy-Clean-Denoised.png","presentation_archive_20260901_131730\stage1_denoising\PKU37\all_positions\pku_0012\pku_0012_f25\noisy_clean_denoised_triptych.png","2288207"
"Stage1","DenoisingTriptych","PKU37","pku_0012","pku_0012_f50","Stage1_PKU37_pku_0012_pku_0012_f50_Noisy-Clean-Denoised.png","presentation_archive_20260901_131730\stage1_denoising\PKU37\all_positions\pku_0012\pku_0012_f50\noisy_clean_denoised_triptych.png","2284854"
"Stage1","DenoisingTriptych","PKU37","pku_0013","pku_0013_f01","Stage1_PKU37_pku_0013_pku_0013_f01_Noisy-Clean-Denoised.png","presentation_archive_20260901_131730\stage1_denoising\PKU37\all_positions\pku_0013\pku_0013_f01\noisy_clean_denoised_triptych.png","2254861"
"Stage1","DenoisingTriptych","PKU37","pku_0013","pku_0013_f25","Stage1_PKU37_pku_0013_pku_0013_f25_Noisy-Clean-Denoised.png","presentation_archive_20260901_131730\stage1_denoising\PKU37\all_positions\pku_0013\pku_0013_f25\noisy_clean_denoised_triptych.png","2255029"
"Stage1","DenoisingTriptych","PKU37","pku_0013","pku_0013_f37","Stage1_PKU37_pku_0013_pku_0013_f37_Noisy-Clean-Denoised.png","presentation_archive_20260901_131730\stage1_denoising\PKU37\all_positions\pku_0013\pku_0013_f37\noisy_clean_denoised_triptych.png","2254060"
"Stage1","DenoisingTriptych","PKU37","pku_0014","pku_0014_f01","Stage1_PKU37_pku_0014_pku_0014_f01_Noisy-Clean-Denoised.png","presentation_archive_20260901_131730\stage1_denoising\PKU37\all_positions\pku_0014\pku_0014_f01\noisy_clean_denoised_triptych.png","2288461"
"Stage1","DenoisingTriptych","PKU37","pku_0014","pku_0014_f25","Stage1_PKU37_pku_0014_pku_0014_f25_Noisy-Clean-Denoised.png","presentation_archive_20260901_131730\stage1_denoising\PKU37\all_positions\pku_0014\pku_0014_f25\noisy_clean_denoised_triptych.png","2289126"
"Stage1","DenoisingTriptych","PKU37","pku_0014","pku_0014_f50","Stage1_PKU37_pku_0014_pku_0014_f50_Noisy-Clean-Denoised.png","presentation_archive_20260901_131730\stage1_denoising\PKU37\all_positions\pku_0014\pku_0014_f50\noisy_clean_denoised_triptych.png","2290490"
"Stage1","DenoisingTriptych","PKU37","pku_0015","pku_0015_f01","Stage1_PKU37_pku_0015_pku_0015_f01_Noisy-Clean-Denoised.png","presentation_archive_20260901_131730\stage1_denoising\PKU37\all_positions\pku_0015\pku_0015_f01\noisy_clean_denoised_triptych.png","2263827"
"Stage1","DenoisingTriptych","PKU37","pku_0015","pku_0015_f25","Stage1_PKU37_pku_0015_pku_0015_f25_Noisy-Clean-Denoised.png","presentation_archive_20260901_131730\stage1_denoising\PKU37\all_positions\pku_0015\pku_0015_f25\noisy_clean_denoised_triptych.png","2260565"
"Stage1","DenoisingTriptych","PKU37","pku_0015","pku_0015_f50","Stage1_PKU37_pku_0015_pku_0015_f50_Noisy-Clean-Denoised.png","presentation_archive_20260901_131730\stage1_denoising\PKU37\all_positions\pku_0015\pku_0015_f50\noisy_clean_denoised_triptych.png","2260652"
"Stage1","DenoisingTriptych","PKU37","pku_0016","pku_0016_f01","Stage1_PKU37_pku_0016_pku_0016_f01_Noisy-Clean-Denoised.png","presentation_archive_20260901_131730\stage1_denoising\PKU37\all_positions\pku_0016\pku_0016_f01\noisy_clean_denoised_triptych.png","2234811"
"Stage1","DenoisingTriptych","PKU37","pku_0016","pku_0016_f25","Stage1_PKU37_pku_0016_pku_0016_f25_Noisy-Clean-Denoised.png","presentation_archive_20260901_131730\stage1_denoising\PKU37\all_positions\pku_0016\pku_0016_f25\noisy_clean_denoised_triptych.png","2232515"
"Stage1","DenoisingTriptych","PKU37","pku_0016","pku_0016_f50","Stage1_PKU37_pku_0016_pku_0016_f50_Noisy-Clean-Denoised.png","presentation_archive_20260901_131730\stage1_denoising\PKU37\all_positions\pku_0016\pku_0016_f50\noisy_clean_denoised_triptych.png","2229630"
"Stage1","DenoisingTriptych","PKU37","pku_0017","pku_0017_f01","Stage1_PKU37_pku_0017_pku_0017_f01_Noisy-Clean-Denoised.png","presentation_archive_20260901_131730\stage1_denoising\PKU37\all_positions\pku_0017\pku_0017_f01\noisy_clean_denoised_triptych.png","2344489"
"Stage1","DenoisingTriptych","PKU37","pku_0017","pku_0017_f25","Stage1_PKU37_pku_0017_pku_0017_f25_Noisy-Clean-Denoised.png","presentation_archive_20260901_131730\stage1_denoising\PKU37\all_positions\pku_0017\pku_0017_f25\noisy_clean_denoised_triptych.png","2350643"
"Stage1","DenoisingTriptych","PKU37","pku_0017","pku_0017_f50","Stage1_PKU37_pku_0017_pku_0017_f50_Noisy-Clean-Denoised.png","presentation_archive_20260901_131730\stage1_denoising\PKU37\all_positions\pku_0017\pku_0017_f50\noisy_clean_denoised_triptych.png","2344451"
"Stage1","DenoisingTriptych","PKU37","pku_0019","pku_0019_f01","Stage1_PKU37_pku_0019_pku_0019_f01_Noisy-Clean-Denoised.png","presentation_archive_20260901_131730\stage1_denoising\PKU37\all_positions\pku_0019\pku_0019_f01\noisy_clean_denoised_triptych.png","2321563"
"Stage1","DenoisingTriptych","PKU37","pku_0019","pku_0019_f25","Stage1_PKU37_pku_0019_pku_0019_f25_Noisy-Clean-Denoised.png","presentation_archive_20260901_131730\stage1_denoising\PKU37\all_positions\pku_0019\pku_0019_f25\noisy_clean_denoised_triptych.png","2326173"
"Stage1","DenoisingTriptych","PKU37","pku_0019","pku_0019_f50","Stage1_PKU37_pku_0019_pku_0019_f50_Noisy-Clean-Denoised.png","presentation_archive_20260901_131730\stage1_denoising\PKU37\all_positions\pku_0019\pku_0019_f50\noisy_clean_denoised_triptych.png","2321303"
"Stage1","DenoisingTriptych","PKU37","pku_0020","pku_0020_f01","Stage1_PKU37_pku_0020_pku_0020_f01_Noisy-Clean-Denoised.png","presentation_archive_20260901_131730\stage1_denoising\PKU37\all_positions\pku_0020\pku_0020_f01\noisy_clean_denoised_triptych.png","2315599"
"Stage1","DenoisingTriptych","PKU37","pku_0020","pku_0020_f25","Stage1_PKU37_pku_0020_pku_0020_f25_Noisy-Clean-Denoised.png","presentation_archive_20260901_131730\stage1_denoising\PKU37\all_positions\pku_0020\pku_0020_f25\noisy_clean_denoised_triptych.png","2316970"
"Stage1","DenoisingTriptych","PKU37","pku_0020","pku_0020_f50","Stage1_PKU37_pku_0020_pku_0020_f50_Noisy-Clean-Denoised.png","presentation_archive_20260901_131730\stage1_denoising\PKU37\all_positions\pku_0020\pku_0020_f50\noisy_clean_denoised_triptych.png","2309926"
"Stage1","DenoisingTriptych","PKU37","pku_0021","pku_0021_f01","Stage1_PKU37_pku_0021_pku_0021_f01_Noisy-Clean-Denoised.png","presentation_archive_20260901_131730\stage1_denoising\PKU37\all_positions\pku_0021\pku_0021_f01\noisy_clean_denoised_triptych.png","2326751"
"Stage1","DenoisingTriptych","PKU37","pku_0021","pku_0021_f25","Stage1_PKU37_pku_0021_pku_0021_f25_Noisy-Clean-Denoised.png","presentation_archive_20260901_131730\stage1_denoising\PKU37\all_positions\pku_0021\pku_0021_f25\noisy_clean_denoised_triptych.png","2322888"
"Stage1","DenoisingTriptych","PKU37","pku_0021","pku_0021_f50","Stage1_PKU37_pku_0021_pku_0021_f50_Noisy-Clean-Denoised.png","presentation_archive_20260901_131730\stage1_denoising\PKU37\all_positions\pku_0021\pku_0021_f50\noisy_clean_denoised_triptych.png","2316673"
"Stage1","DenoisingTriptych","PKU37","pku_0022","pku_0022_f01","Stage1_PKU37_pku_0022_pku_0022_f01_Noisy-Clean-Denoised.png","presentation_archive_20260901_131730\stage1_denoising\PKU37\all_positions\pku_0022\pku_0022_f01\noisy_clean_denoised_triptych.png","2374684"
"Stage1","DenoisingTriptych","PKU37","pku_0022","pku_0022_f25","Stage1_PKU37_pku_0022_pku_0022_f25_Noisy-Clean-Denoised.png","presentation_archive_20260901_131730\stage1_denoising\PKU37\all_positions\pku_0022\pku_0022_f25\noisy_clean_denoised_triptych.png","2373385"
"Stage1","DenoisingTriptych","PKU37","pku_0022","pku_0022_f30","Stage1_PKU37_pku_0022_pku_0022_f30_Noisy-Clean-Denoised.png","presentation_archive_20260901_131730\stage1_denoising\PKU37\all_positions\pku_0022\pku_0022_f30\noisy_clean_denoised_triptych.png","2371528"
"Stage1","DenoisingTriptych","PKU37","pku_0023","pku_0023_f01","Stage1_PKU37_pku_0023_pku_0023_f01_Noisy-Clean-Denoised.png","presentation_archive_20260901_131730\stage1_denoising\PKU37\all_positions\pku_0023\pku_0023_f01\noisy_clean_denoised_triptych.png","2311573"
"Stage1","DenoisingTriptych","PKU37","pku_0023","pku_0023_f25","Stage1_PKU37_pku_0023_pku_0023_f25_Noisy-Clean-Denoised.png","presentation_archive_20260901_131730\stage1_denoising\PKU37\all_positions\pku_0023\pku_0023_f25\noisy_clean_denoised_triptych.png","2311543"
"Stage1","DenoisingTriptych","PKU37","pku_0023","pku_0023_f50","Stage1_PKU37_pku_0023_pku_0023_f50_Noisy-Clean-Denoised.png","presentation_archive_20260901_131730\stage1_denoising\PKU37\all_positions\pku_0023\pku_0023_f50\noisy_clean_denoised_triptych.png","2313235"
"Stage1","DenoisingTriptych","PKU37","pku_0030","pku_0030_f01","Stage1_PKU37_pku_0030_pku_0030_f01_Noisy-Clean-Denoised.png","presentation_archive_20260901_131730\stage1_denoising\PKU37\all_positions\pku_0030\pku_0030_f01\noisy_clean_denoised_triptych.png","2281123"
"Stage1","DenoisingTriptych","PKU37","pku_0030","pku_0030_f25","Stage1_PKU37_pku_0030_pku_0030_f25_Noisy-Clean-Denoised.png","presentation_archive_20260901_131730\stage1_denoising\PKU37\all_positions\pku_0030\pku_0030_f25\noisy_clean_denoised_triptych.png","2282921"
"Stage1","DenoisingTriptych","PKU37","pku_0030","pku_0030_f50","Stage1_PKU37_pku_0030_pku_0030_f50_Noisy-Clean-Denoised.png","presentation_archive_20260901_131730\stage1_denoising\PKU37\all_positions\pku_0030\pku_0030_f50\noisy_clean_denoised_triptych.png","2277290"
"Stage1","DenoisingTriptych","PKU37","pku_0032","pku_0032_f01","Stage1_PKU37_pku_0032_pku_0032_f01_Noisy-Clean-Denoised.png","presentation_archive_20260901_131730\stage1_denoising\PKU37\all_positions\pku_0032\pku_0032_f01\noisy_clean_denoised_triptych.png","2318794"
"Stage1","DenoisingTriptych","PKU37","pku_0032","pku_0032_f25","Stage1_PKU37_pku_0032_pku_0032_f25_Noisy-Clean-Denoised.png","presentation_archive_20260901_131730\stage1_denoising\PKU37\all_positions\pku_0032\pku_0032_f25\noisy_clean_denoised_triptych.png","2317808"
"Stage1","DenoisingTriptych","PKU37","pku_0032","pku_0032_f50","Stage1_PKU37_pku_0032_pku_0032_f50_Noisy-Clean-Denoised.png","presentation_archive_20260901_131730\stage1_denoising\PKU37\all_positions\pku_0032\pku_0032_f50\noisy_clean_denoised_triptych.png","2316958"
"Stage1","DenoisingTriptych","PKU37","pku_0033","pku_0033_f01","Stage1_PKU37_pku_0033_pku_0033_f01_Noisy-Clean-Denoised.png","presentation_archive_20260901_131730\stage1_denoising\PKU37\all_positions\pku_0033\pku_0033_f01\noisy_clean_denoised_triptych.png","2330275"
"Stage1","DenoisingTriptych","PKU37","pku_0033","pku_0033_f25","Stage1_PKU37_pku_0033_pku_0033_f25_Noisy-Clean-Denoised.png","presentation_archive_20260901_131730\stage1_denoising\PKU37\all_positions\pku_0033\pku_0033_f25\noisy_clean_denoised_triptych.png","2326331"
"Stage1","DenoisingTriptych","PKU37","pku_0033","pku_0033_f33","Stage1_PKU37_pku_0033_pku_0033_f33_Noisy-Clean-Denoised.png","presentation_archive_20260901_131730\stage1_denoising\PKU37\all_positions\pku_0033\pku_0033_f33\noisy_clean_denoised_triptych.png","2322847"
"Stage1","DenoisingTriptych","PKU37","pku_0034","pku_0034_f01","Stage1_PKU37_pku_0034_pku_0034_f01_Noisy-Clean-Denoised.png","presentation_archive_20260901_131730\stage1_denoising\PKU37\all_positions\pku_0034\pku_0034_f01\noisy_clean_denoised_triptych.png","2296567"
"Stage1","DenoisingTriptych","PKU37","pku_0034","pku_0034_f25","Stage1_PKU37_pku_0034_pku_0034_f25_Noisy-Clean-Denoised.png","presentation_archive_20260901_131730\stage1_denoising\PKU37\all_positions\pku_0034\pku_0034_f25\noisy_clean_denoised_triptych.png","2295754"
"Stage1","DenoisingTriptych","PKU37","pku_0034","pku_0034_f43","Stage1_PKU37_pku_0034_pku_0034_f43_Noisy-Clean-Denoised.png","presentation_archive_20260901_131730\stage1_denoising\PKU37\all_positions\pku_0034\pku_0034_f43\noisy_clean_denoised_triptych.png","2296080"
"Stage1","DenoisingTriptych","PKU37","pku_0035","pku_0035_f01","Stage1_PKU37_pku_0035_pku_0035_f01_Noisy-Clean-Denoised.png","presentation_archive_20260901_131730\stage1_denoising\PKU37\all_positions\pku_0035\pku_0035_f01\noisy_clean_denoised_triptych.png","2280555"
"Stage1","DenoisingTriptych","PKU37","pku_0035","pku_0035_f25","Stage1_PKU37_pku_0035_pku_0035_f25_Noisy-Clean-Denoised.png","presentation_archive_20260901_131730\stage1_denoising\PKU37\all_positions\pku_0035\pku_0035_f25\noisy_clean_denoised_triptych.png","2281100"
"Stage1","DenoisingTriptych","PKU37","pku_0035","pku_0035_f43","Stage1_PKU37_pku_0035_pku_0035_f43_Noisy-Clean-Denoised.png","presentation_archive_20260901_131730\stage1_denoising\PKU37\all_positions\pku_0035\pku_0035_f43\noisy_clean_denoised_triptych.png","2281517"
"Stage1","DenoisingTriptych","PKU37","pku_0036","pku_0036_f01","Stage1_PKU37_pku_0036_pku_0036_f01_Noisy-Clean-Denoised.png","presentation_archive_20260901_131730\stage1_denoising\PKU37\all_positions\pku_0036\pku_0036_f01\noisy_clean_denoised_triptych.png","2271708"
"Stage1","DenoisingTriptych","PKU37","pku_0036","pku_0036_f25","Stage1_PKU37_pku_0036_pku_0036_f25_Noisy-Clean-Denoised.png","presentation_archive_20260901_131730\stage1_denoising\PKU37\all_positions\pku_0036\pku_0036_f25\noisy_clean_denoised_triptych.png","2272104"
"Stage1","DenoisingTriptych","PKU37","pku_0036","pku_0036_f50","Stage1_PKU37_pku_0036_pku_0036_f50_Noisy-Clean-Denoised.png","presentation_archive_20260901_131730\stage1_denoising\PKU37\all_positions\pku_0036\pku_0036_f50\noisy_clean_denoised_triptych.png","2274134"
"Stage1","DenoisingTriptych","PKU37","pku_0040","pku_0040_f01","Stage1_PKU37_pku_0040_pku_0040_f01_Noisy-Clean-Denoised.png","presentation_archive_20260901_131730\stage1_denoising\PKU37\all_positions\pku_0040\pku_0040_f01\noisy_clean_denoised_triptych.png","2318481"
"Stage1","DenoisingTriptych","PKU37","pku_0040","pku_0040_f25","Stage1_PKU37_pku_0040_pku_0040_f25_Noisy-Clean-Denoised.png","presentation_archive_20260901_131730\stage1_denoising\PKU37\all_positions\pku_0040\pku_0040_f25\noisy_clean_denoised_triptych.png","2318616"
"Stage1","DenoisingTriptych","PKU37","pku_0040","pku_0040_f41","Stage1_PKU37_pku_0040_pku_0040_f41_Noisy-Clean-Denoised.png","presentation_archive_20260901_131730\stage1_denoising\PKU37\all_positions\pku_0040\pku_0040_f41\noisy_clean_denoised_triptych.png","2314038"
"Stage1","DenoisingTriptych","PKU37","pku_0041","pku_0041_f02","Stage1_PKU37_pku_0041_pku_0041_f02_Noisy-Clean-Denoised.png","presentation_archive_20260901_131730\stage1_denoising\PKU37\all_positions\pku_0041\pku_0041_f02\noisy_clean_denoised_triptych.png","2300747"
"Stage1","DenoisingTriptych","PKU37","pku_0041","pku_0041_f25","Stage1_PKU37_pku_0041_pku_0041_f25_Noisy-Clean-Denoised.png","presentation_archive_20260901_131730\stage1_denoising\PKU37\all_positions\pku_0041\pku_0041_f25\noisy_clean_denoised_triptych.png","2291254"
"Stage1","DenoisingTriptych","PKU37","pku_0041","pku_0041_f50","Stage1_PKU37_pku_0041_pku_0041_f50_Noisy-Clean-Denoised.png","presentation_archive_20260901_131730\stage1_denoising\PKU37\all_positions\pku_0041\pku_0041_f50\noisy_clean_denoised_triptych.png","2293343"
"Stage1","DenoisingTriptych","PKU37","pku_0045","pku_0045_f01","Stage1_PKU37_pku_0045_pku_0045_f01_Noisy-Clean-Denoised.png","presentation_archive_20260901_131730\stage1_denoising\PKU37\all_positions\pku_0045\pku_0045_f01\noisy_clean_denoised_triptych.png","2280921"
"Stage1","DenoisingTriptych","PKU37","pku_0045","pku_0045_f25","Stage1_PKU37_pku_0045_pku_0045_f25_Noisy-Clean-Denoised.png","presentation_archive_20260901_131730\stage1_denoising\PKU37\all_positions\pku_0045\pku_0045_f25\noisy_clean_denoised_triptych.png","2278283"
"Stage1","DenoisingTriptych","PKU37","pku_0045","pku_0045_f41","Stage1_PKU37_pku_0045_pku_0045_f41_Noisy-Clean-Denoised.png","presentation_archive_20260901_131730\stage1_denoising\PKU37\all_positions\pku_0045\pku_0045_f41\noisy_clean_denoised_triptych.png","2278146"
"Stage1","DenoisingTriptych","PKU37","pku_0046","pku_0046_f01","Stage1_PKU37_pku_0046_pku_0046_f01_Noisy-Clean-Denoised.png","presentation_archive_20260901_131730\stage1_denoising\PKU37\all_positions\pku_0046\pku_0046_f01\noisy_clean_denoised_triptych.png","2295084"
"Stage1","DenoisingTriptych","PKU37","pku_0046","pku_0046_f25","Stage1_PKU37_pku_0046_pku_0046_f25_Noisy-Clean-Denoised.png","presentation_archive_20260901_131730\stage1_denoising\PKU37\all_positions\pku_0046\pku_0046_f25\noisy_clean_denoised_triptych.png","2292402"
"Stage1","DenoisingTriptych","PKU37","pku_0046","pku_0046_f45","Stage1_PKU37_pku_0046_pku_0046_f45_Noisy-Clean-Denoised.png","presentation_archive_20260901_131730\stage1_denoising\PKU37\all_positions\pku_0046\pku_0046_f45\noisy_clean_denoised_triptych.png","2287698"
"Stage2","JointInteraction","Duke17","","duke17_11","JointInteraction_Duke17_duke17_11_B0-J00-J10-J01-J11.png","interaction_factorial_report\atlas\Duke17_duke17_11.png","500219"
"Stage2","JointInteraction","Duke17","","duke17_13","JointInteraction_Duke17_duke17_13_B0-J00-J10-J01-J11.png","interaction_factorial_report\atlas\Duke17_duke17_13.png","504524"
"Stage2","JointInteraction","Duke28","","duke28_ll10","JointInteraction_Duke28_duke28_ll10_B0-J00-J10-J01-J11.png","interaction_factorial_report\atlas\Duke28_duke28_ll10.png","492358"
"Stage2","JointInteraction","Duke28","","duke28_ll9","JointInteraction_Duke28_duke28_ll9_B0-J00-J10-J01-J11.png","interaction_factorial_report\atlas\Duke28_duke28_ll9.png","500216"
"Stage2","JointInteraction","PKU37","","pku_0006_f01","JointInteraction_PKU37_pku_0006_f01_B0-J00-J10-J01-J11.png","interaction_factorial_report\atlas\PKU37_pku_0006_f01.png","855707"
"Stage2","JointInteraction","PKU37","","pku_0006_f02","JointInteraction_PKU37_pku_0006_f02_B0-J00-J10-J01-J11.png","interaction_factorial_report\atlas\PKU37_pku_0006_f02.png","853660"
"Stage2","Postprocessing","PKU37","pku_0006","pku_0006_f01","Stage2_Postprocess_PKU37_pku_0006_pku_0006_f01_P0-P1-P2a-P2b-P3-Oracle.png","presentation_archive_20260901_131730\postprocessing\pku_0006\pku_0006_f01\postprocessing_contact.png","5029653"
"Stage2","Postprocessing","PKU37","pku_0006","pku_0006_f25","Stage2_Postprocess_PKU37_pku_0006_pku_0006_f25_P0-P1-P2a-P2b-P3-Oracle.png","presentation_archive_20260901_131730\postprocessing\pku_0006\pku_0006_f25\postprocessing_contact.png","5027195"
"Stage2","Postprocessing","PKU37","pku_0006","pku_0006_f50","Stage2_Postprocess_PKU37_pku_0006_pku_0006_f50_P0-P1-P2a-P2b-P3-Oracle.png","presentation_archive_20260901_131730\postprocessing\pku_0006\pku_0006_f50\postprocessing_contact.png","5014890"
"Stage2","Postprocessing","PKU37","pku_0012","pku_0012_f01","Stage2_Postprocess_PKU37_pku_0012_pku_0012_f01_P0-P1-P2a-P2b-P3-Oracle.png","presentation_archive_20260901_131730\postprocessing\pku_0012\pku_0012_f01\postprocessing_contact.png","5103881"
"Stage2","Postprocessing","PKU37","pku_0012","pku_0012_f25","Stage2_Postprocess_PKU37_pku_0012_pku_0012_f25_P0-P1-P2a-P2b-P3-Oracle.png","presentation_archive_20260901_131730\postprocessing\pku_0012\pku_0012_f25\postprocessing_contact.png","5108690"
"Stage2","Postprocessing","PKU37","pku_0012","pku_0012_f50","Stage2_Postprocess_PKU37_pku_0012_pku_0012_f50_P0-P1-P2a-P2b-P3-Oracle.png","presentation_archive_20260901_131730\postprocessing\pku_0012\pku_0012_f50\postprocessing_contact.png","5098422"
"Stage2","Postprocessing","PKU37","pku_0040","pku_0040_f01","Stage2_Postprocess_PKU37_pku_0040_pku_0040_f01_P0-P1-P2a-P2b-P3-Oracle.png","presentation_archive_20260901_131730\postprocessing\pku_0040\pku_0040_f01\postprocessing_contact.png","5142061"
"Stage2","Postprocessing","PKU37","pku_0040","pku_0040_f25","Stage2_Postprocess_PKU37_pku_0040_pku_0040_f25_P0-P1-P2a-P2b-P3-Oracle.png","presentation_archive_20260901_131730\postprocessing\pku_0040\pku_0040_f25\postprocessing_contact.png","5137570"
"Stage2","Postprocessing","PKU37","pku_0040","pku_0040_f41","Stage2_Postprocess_PKU37_pku_0040_pku_0040_f41_P0-P1-P2a-P2b-P3-Oracle.png","presentation_archive_20260901_131730\postprocessing\pku_0040\pku_0040_f41\postprocessing_contact.png","5139777"
"Stage2","Stage2Ablation","PKU37","pku_0006","pku_0006_f01","Stage2_Ablation_PKU37_pku_0006_pku_0006_f01_E1current-E3current-E3b-E3bNoD2S.png","presentation_archive_20260901_131730\stage2_ablation\stage2_ablation_contact\pku_0006_pku_0006_f01.png","3380232"
"Stage2","Stage2Ablation","PKU37","pku_0006","pku_0006_f25","Stage2_Ablation_PKU37_pku_0006_pku_0006_f25_E1current-E3current-E3b-E3bNoD2S.png","presentation_archive_20260901_131730\stage2_ablation\stage2_ablation_contact\pku_0006_pku_0006_f25.png","3377875"
"Stage2","Stage2Ablation","PKU37","pku_0006","pku_0006_f50","Stage2_Ablation_PKU37_pku_0006_pku_0006_f50_E1current-E3current-E3b-E3bNoD2S.png","presentation_archive_20260901_131730\stage2_ablation\stage2_ablation_contact\pku_0006_pku_0006_f50.png","3369470"
"Stage2","Stage2Ablation","PKU37","pku_0012","pku_0012_f01","Stage2_Ablation_PKU37_pku_0012_pku_0012_f01_E1current-E3current-E3b-E3bNoD2S.png","presentation_archive_20260901_131730\stage2_ablation\stage2_ablation_contact\pku_0012_pku_0012_f01.png","3430539"
"Stage2","Stage2Ablation","PKU37","pku_0012","pku_0012_f25","Stage2_Ablation_PKU37_pku_0012_pku_0012_f25_E1current-E3current-E3b-E3bNoD2S.png","presentation_archive_20260901_131730\stage2_ablation\stage2_ablation_contact\pku_0012_pku_0012_f25.png","3435239"
"Stage2","Stage2Ablation","PKU37","pku_0012","pku_0012_f50","Stage2_Ablation_PKU37_pku_0012_pku_0012_f50_E1current-E3current-E3b-E3bNoD2S.png","presentation_archive_20260901_131730\stage2_ablation\stage2_ablation_contact\pku_0012_pku_0012_f50.png","3427820"
"Stage2","Stage2Ablation","PKU37","pku_0040","pku_0040_f01","Stage2_Ablation_PKU37_pku_0040_pku_0040_f01_E1current-E3current-E3b-E3bNoD2S.png","presentation_archive_20260901_131730\stage2_ablation\stage2_ablation_contact\pku_0040_pku_0040_f01.png","3458165"
"Stage2","Stage2Ablation","PKU37","pku_0040","pku_0040_f25","Stage2_Ablation_PKU37_pku_0040_pku_0040_f25_E1current-E3current-E3b-E3bNoD2S.png","presentation_archive_20260901_131730\stage2_ablation\stage2_ablation_contact\pku_0040_pku_0040_f25.png","3454640"
"Stage2","Stage2Ablation","PKU37","pku_0040","pku_0040_f41","Stage2_Ablation_PKU37_pku_0040_pku_0040_f41_E1current-E3current-E3b-E3bNoD2S.png","presentation_archive_20260901_131730\stage2_ablation\stage2_ablation_contact\pku_0040_pku_0040_f41.png","3456136"
